timestamp,x,y
898.433,1.2044959162258335,0.0024829035328793876
898.453,1.2088800920167995,0.002456284771863795
898.473,1.213266956600146,0.002429482000948341
898.493,1.217655723232279,0.002402015818733604
898.513,1.2220457023799296,0.002373703610076152
898.533,1.2264365642256156,0.002344762227066261
898.553,1.2308281352898411,0.0023151290090536597
898.573,1.2352203250203713,0.002286530286102593
898.593,1.2396145524149584,0.002255395100147315
898.612,1.2444100278521137,0.002223960053758804
898.633,1.249518300635077,0.0021969801040390186
898.653,1.2547012625945668,0.002173869491678244
898.673,1.2599080580243958,0.002150081459720121
898.693,1.265124982611667,0.0021276028613855104
898.713,1.2703517927429642,0.0021096561835035974
898.733,1.2755806727508519,0.0021002929209359956
898.753,1.2808099521165037,0.002080851932363295
898.773,1.2860356711888317,0.002075837580332019
898.793,1.2912694550112522,0.0020715191807464065
898.813,1.2964985665105202,0.002072502039950087
898.832,1.301714172037461,0.002076863497297742
898.852,1.3069228472759857,0.0020877049647110664
898.873,1.312128917724353,0.0020920132009491833
898.893,1.3173352931251392,0.0021079774867300664
898.919,1.322543575810025,0.002129873145579012
898.932,1.3277602104261301,0.002144948065219878
898.953,1.3329736755062225,0.002161108301122217
898.973,1.3381831063054377,0.0021809159769930276
898.993,1.3433891636013828,0.0022056515442343077
899.013,1.348879234164464,0.0022424053108543295
899.033,1.3546530566869899,0.002300722215929962
899.053,1.3605189932752242,0.002360552966338322
899.073,1.3663981314469886,0.0024141233830075313
899.093,1.3722746213605708,0.00247272754422671
899.113,1.3781643525103642,0.002555920058488233
899.133,1.3840440483383647,0.00262883083914443
899.153,1.3899296753335901,0.0027014926968766716
899.173,1.395807593191844,0.0028026399311195647
899.193,1.4016872063719077,0.0028917355566111043
899.213,1.4075680972732763,0.0029959110631740463
899.233,1.4134458670132826,0.003101193442742563
899.253,1.419319988964692,0.0032121372624912235
899.273,1.425190589330704,0.0033307273152260656
899.293,1.4310592964299231,0.0034512450609921765
899.313,1.436924628015535,0.0035788100315625225
899.332,1.4427691806521443,0.0036960570216280843
899.353,1.4485966913578308,0.003833227769959107
899.373,1.4544209779739905,0.00397308065879782
899.393,1.460242336458336,0.0041190585452329015
899.413,1.4660622690701755,0.004269994098149162
899.433,1.4718194355717988,0.004423134360087801
899.453,1.477101511097916,0.004565491605443622
899.473,1.4821682314325813,0.004709435581611999
899.493,1.4871769893332711,0.004858925631198601
899.513,1.492171560871938,0.005012159776446327
899.532,1.4971630515920986,0.005169353298367841
899.553,1.502154422494937,0.005330410542221652
899.573,1.5071460102240206,0.005495473094764529
899.593,1.5121381460307457,0.0056640926169628765
899.613,1.5171304339886467,0.0058367429575711645
899.633,1.5221230335423597,0.006012609839414699
899.652,1.527116322479039,0.006191858235009926
899.673,1.5321100910847483,0.006375083662619237
899.693,1.5371037755349921,0.006561512692644659
899.713,1.5420974955984919,0.006751279977323082
899.732,1.5470916841222442,0.006944023797886824
899.753,1.552086124952223,0.00714051571766742
899.773,1.557080211404241,0.007340121513171586
899.793,1.562074217361686,0.007542978582016786
899.813,1.5670691038918318,0.0077487723074598554
899.833,1.5721104696870736,0.007959756155822572
899.853,1.5775297577899883,0.0082029942200575
899.873,1.583163335333737,0.008487339317964028
899.893,1.588846882745998,0.008743160392242941
899.913,1.594536616666816,0.009034491708039733
899.933,1.600223676553287,0.009318879699039821
899.953,1.605906016033276,0.00962276748635534
899.973,1.6115860573754826,0.009918386805833759
899.993,1.6172587006662227,0.010224856609871808
900.013,1.622928031799344,0.010547403235074469
900.032,1.6285948598408355,0.010865870645716215
900.052,1.6342573208141427,0.011201300257933514
900.073,1.6399172580993282,0.011538680675872392
900.093,1.645571700639775,0.011872404995174708
900.113,1.6512227485234137,0.012233878240722685
900.133,1.656870604542295,0.012578644519037858
900.153,1.6625162915060974,0.012948859972881177
900.173,1.6681611162713792,0.013316267411900591
900.193,1.673801061765759,0.013682788952646647
900.213,1.679438863085741,0.014074229196080187
900.233,1.685073746911274,0.014450299072453297
900.253,1.6907069724861385,0.01485312052477702
900.273,1.6961745992992276,0.015206141547185182
900.293,1.7012700017223488,0.015555513702388654
900.313,1.7062546482622565,0.01590899370860194
900.333,1.7112145713264832,0.016259595595593677
900.353,1.7161688846097973,0.016615018442850463
900.373,1.721121061996083,0.016971567841905393
900.393,1.7260741300061626,0.017331439328035336
900.413,1.731025812456322,0.017692581557765038
900.432,1.7359778349133053,0.018058647421555173
900.453,1.7409308520154245,0.01842769137991207
900.473,1.7458850144784246,0.018799931190787805
900.493,1.7508403375031787,0.019175219494902987
900.513,1.7557967846634144,0.019553447666420466
900.533,1.760754285412587,0.019934556040520676
900.553,1.7657127673586495,0.02031847154658304
900.573,1.7706721550567832,0.020705141731596058
900.593,1.7756323772774973,0.021094520062388163
900.613,1.7805933648371346,0.02148656076602645
900.633,1.7855881910214337,0.02188219659958528
900.653,1.7908508400567065,0.022305676152888042
900.673,1.796225708672758,0.02275957602507554
900.693,1.8016323129287797,0.023216237953182717
900.713,1.8070464594668332,0.0236797934076357
900.731,1.812461572903492,0.024147428043090394
900.753,1.8178755089620837,0.02462109275990938
900.773,1.8232877867976691,0.025100568776525615
900.793,1.8286982716356244,0.02558601352437753
900.813,1.834106957978521,0.026077355277663573
900.833,1.8395138591366151,0.026574553952515123
900.853,1.844918997604908,0.02707751364053006
900.873,1.8503223924140189,0.027586159069153616
900.893,1.855724066341329,0.028100384831896728
900.913,1.861124042871908,0.028620087117738925
900.933,1.8665223465914484,0.02914517247470893
900.953,1.8719190064098412,0.02967553246973188
900.973,1.8773140529774803,0.03021106065184805
900.993,1.8827075178208963,0.030751660132435726
901.013,1.8880994343914375,0.03129723303108628
901.033,1.8934898376956968,0.03184767483249467
901.053,1.8988787618070142,0.032402891908199394
901.073,1.9041217462226385,0.03295398801303067
901.093,1.9090108357288835,0.0334742356794529
901.113,1.9137931169573004,0.033973778139125076
901.132,1.918549307731288,0.03447491240048201
901.153,1.9232995930476007,0.03497792936075415
901.173,1.928048868775437,0.035483672140649396
901.193,1.9327983183303221,0.03599231101869628
901.213,1.9375482527227492,0.03650371961609846
901.233,1.9422987118372554,0.037017905428458314
901.252,1.9470497323713372,0.03753481672774365
901.273,1.9518012228229384,0.038055210739167344
901.293,1.9565531413312711,0.03857929848537097
901.313,1.961305479841769,0.039106877336187305
901.333,1.9660581711117797,0.039637971386329234
901.353,1.9708111663177537,0.040172535495089305
901.373,1.9755644154036573,0.04071055818344219
901.393,1.9803178728132713,0.04125202339670308
901.413,1.9850714983726565,0.04179691646286451
901.433,1.989863530698547,0.04235526717857117
901.453,1.99499351900664,0.043019950623327904
901.473,2.0003387128940417,0.043695104489562604
901.493,2.005745594228051,0.044426782855491995
901.513,2.011137595540359,0.04514439238932601
901.533,2.0165235320414223,0.045876889728480925
901.553,2.021928175173402,0.046648372387915416
901.573,2.02734769362849,0.047436000978984774
901.593,2.032768175182857,0.04824289476440343
901.613,2.0381854047163257,0.04906541011003083
901.633,2.043597923636663,0.04990370993954954
901.652,2.0490055771650315,0.050757267651693354
901.673,2.05440844964179,0.05162547686711788
901.693,2.0598066855959853,0.05250812732631644
901.713,2.0652004082230766,0.05340507807862343
901.733,2.070589736957314,0.054316149731962894
901.753,2.0759747535502417,0.055241124525141634
901.773,2.0813550191504686,0.05617961554025953
901.793,2.0867280819140284,0.05713281692618801
901.813,2.0920556330832483,0.05807757533132644
901.833,2.0973734059960476,0.059045725236665646
901.853,2.102650271907228,0.059993477428714775
901.873,2.1078459989388763,0.06094561432511503
901.893,2.112702864906136,0.061814564087910306
901.913,2.1174392454709667,0.06271149110730247
901.932,2.1221590896777163,0.06358434443396117
901.953,2.126858594719814,0.0644580435704248
901.973,2.1315408992489973,0.06532678326057348
901.993,2.1362199888567717,0.0662006657349299
902.013,2.1408837336401385,0.06708281660005595
902.033,2.145565219525933,0.0679589611180578
902.053,2.1502245744182162,0.06885935255157614
902.073,2.1548930722180444,0.06973654384834424
902.092,2.1595519969523473,0.07065524676417449
902.113,2.164229327824715,0.07154687706361174
902.133,2.168874170595968,0.07246753254302976
902.153,2.1735301733509282,0.07338447083058801
902.173,2.1781841995097264,0.07428995522614386
902.193,2.182811396567131,0.07523526807849988
902.213,2.187453632311552,0.07616034244792089
902.233,2.192126815531721,0.07710131114113483
902.253,2.1970562202071484,0.07820673535761483
902.273,2.202194244292547,0.07929721100632572
902.293,2.207349460074848,0.08046113172514348
902.313,2.212516348455564,0.08163476381099942
902.333,2.21768176428542,0.08283270582678022
902.353,2.222847941826138,0.0840464402485303
902.373,2.2280061541464544,0.08528021650432557
902.393,2.233166523530363,0.08652595428264186
902.413,2.2383185923070603,0.08779239025985103
902.433,2.2434597002088346,0.0890794184727066
902.453,2.2485873190859826,0.09038977541655586
902.473,2.2537167864965686,0.09170794504215908
902.493,2.258858383714258,0.09302949169102667
902.513,2.263966723074503,0.09439520464743223
902.533,2.2690820485055503,0.09575866652480129
902.553,2.2741997037897397,0.09713362637117602
902.573,2.279289714088817,0.098538713107075
902.593,2.284398695357218,0.09991865123900517
902.613,2.289478413112968,0.1013215835719932
902.633,2.2945398053292827,0.10273074158090857
902.653,2.299595223498597,0.10415053275481587
902.673,2.304554935628358,0.1055455836989739
902.693,2.30920815653385,0.10690510281854038
902.713,2.3137550167223155,0.10820820729397981
902.733,2.318266164484335,0.10950985264873223
902.753,2.3227620610511646,0.11080482789077888
902.773,2.327244534175318,0.11211239232437836
902.793,2.3317213415081812,0.11342634113879209
902.813,2.3361935342922,0.11475041523701279
902.833,2.340662594938654,0.11608399039047686
902.853,2.3451289888489484,0.11742762159760113
902.873,2.349593006123466,0.11878131878814982
902.893,2.3540547460056485,0.12014514724471792
902.913,2.358514220699546,0.1215191102349464
902.933,2.3629707569964,0.12290467612355796
902.953,2.3674215891624857,0.12430125616124883
902.973,2.371872749568818,0.1257047007591548
902.993,2.376329121662779,0.1271184616169512
903.013,2.3807904588385775,0.12854333433182477
903.033,2.3852531934257457,0.129979081949267
903.053,2.3897132290432617,0.13142509177434666
903.073,2.3941676361661304,0.13288086777642968
903.093,2.398616770890325,0.1343467614715121
903.113,2.4032745687920536,0.13595196030674575
903.133,2.4081595208939133,0.1376612565806474
903.152,2.413133483545556,0.13938136659249617
903.173,2.4181233350730804,0.14113196238014047
903.193,2.4231084282565813,0.14289781706262322
903.213,2.4280819355761265,0.14468032854484722
903.232,2.433043146751151,0.14647827303336336
903.253,2.437992805795581,0.14829189284646724
903.273,2.442931884463697,0.1501212963395689
903.293,2.4478611607049383,0.1519665961941491
903.313,2.4527811865101863,0.15382786058096604
903.333,2.4576919316503663,0.1557046704069224
903.353,2.462591727047645,0.15759489343162175
903.373,2.4674668914817044,0.15949606533249694
903.393,2.472324849679747,0.16140721672177857
903.413,2.477177534396485,0.16333188650033362
903.433,2.482032169245626,0.16527098184774305
903.453,2.486888802425113,0.16722607878907503
903.473,2.491761276491483,0.1692185959436732
903.493,2.496679795154937,0.17126572942473153
903.513,2.5016065815673607,0.17332743094986497
903.533,2.5065026211978783,0.1753821183583988
903.553,2.5111786107166725,0.1772373211573468
903.573,2.5156013470580847,0.17912820689006925
903.593,2.519930702995852,0.18096567674711025
903.613,2.524244848198991,0.1828369417743416
903.633,2.5285566612301698,0.1847102061843563
903.653,2.5328732476671463,0.18661683380839272
903.673,2.53720859486827,0.1885306108755867
903.693,2.5415349975845127,0.1904692689621832
903.713,2.545858489720649,0.19241412456382143
903.733,2.550172831927878,0.19437282667851488
903.753,2.5544796398005833,0.19634280219599698
903.773,2.558779011788702,0.1983208977086379
903.793,2.5630711814484743,0.2003155835070243
903.813,2.5673550123784263,0.20232366360510715
903.833,2.57163578405652,0.20433945057767658
903.853,2.5759087824408553,0.2063750011061312
903.873,2.580159709291372,0.20839826862465186
903.893,2.584409876294639,0.21046035505741437
903.913,2.5889757742450126,0.2127831946588645
903.933,2.5938578397219154,0.21522130799333528
903.953,2.5988139276663276,0.2177012135348338
903.973,2.603763652516814,0.22021395027439863
903.993,2.608703271755382,0.22273679660921838
904.013,2.613631450585849,0.22527449302540467
904.032,2.6185420005783406,0.22783473327079512
904.053,2.6234400735707673,0.23041054043246312
904.073,2.6283249632309995,0.2330034890856922
904.093,2.633196677613173,0.23561517658865844
904.113,2.638054806526598,0.23824728946926887
904.133,2.642902112745757,0.2408952287842042
904.153,2.647737639175975,0.24356068864365993
904.173,2.6525591038699075,0.24624852703002612
904.193,2.657371493826666,0.24894958121368888
904.213,2.6621707399850005,0.25167081206318603
904.233,2.6669572761165234,0.2544123944298396
904.253,2.6717347309591566,0.25716738826534674
904.273,2.6764972539881224,0.25994627010658494
904.293,2.681254649711706,0.26273603224271985
904.313,2.6860013622799954,0.2655437828521701
904.333,2.6907125535842558,0.2683408333503539
904.352,2.6951794113733865,0.2709288482117626
904.373,2.699468134883203,0.2735218650111282
904.393,2.7036679987953782,0.2761097801378278
904.413,2.707850853634226,0.2786770656438407
904.433,2.7120303748139665,0.2812609339898645
904.453,2.7162471687584504,0.28386780570481335
904.473,2.7204232173436393,0.2864876507739154
904.493,2.7245885569060433,0.2891153569116442
904.513,2.728747262982677,0.2917581739908907
904.533,2.7328995718841003,0.29441456222385154
904.553,2.7370441925556452,0.297085073782342
904.573,2.74118722701026,0.29976451830067513
904.593,2.7453222772069683,0.30246259040753504
904.613,2.7494547113410586,0.3051727942664435
904.633,2.753576538411234,0.3078981368954253
904.653,2.7576891292208114,0.31063654992522244
904.673,2.761947725046902,0.3134051186325124
904.693,2.766359459426043,0.316254554123176
904.713,2.770901870834238,0.31936501345549756
904.732,2.7755627060510903,0.3226069681561097
904.752,2.7802549673261527,0.32587024221092625
904.773,2.7849482330470687,0.3291516291789806
904.793,2.789637089409315,0.33244590958459513
904.813,2.79433258571281,0.3357435116587351
904.832,2.799001752288524,0.3390696151420106
904.853,2.8036459939253278,0.3424169523743006
904.873,2.808273362818391,0.34578074731699576
904.893,2.8129084738398404,0.34914577208267905
904.913,2.817515695851902,0.3525401045238785
904.933,2.822101413849997,0.35595380991842485
904.953,2.8266756552267163,0.3593813563017004
904.972,2.8312527380493453,0.36281456597177075
904.992,2.8357991657785333,0.3662779011381547
905.013,2.84032732252131,0.3697582993231203
905.033,2.844851178081982,0.3732481709376196
905.053,2.8493634916135058,0.37675427015866386
905.073,2.8538521964754913,0.38028525859458784
905.093,2.858339608230316,0.38382149389935316
905.113,2.862808469964761,0.38738010112849725
905.133,2.8672445887685547,0.3909158569565178
905.153,2.8715224586570898,0.3941940621192402
905.173,2.8756068076684675,0.3974828699397848
905.193,2.8796149611037865,0.4007385885409849
905.213,2.883693277376683,0.4039688837201971
905.233,2.887871214442926,0.4072506215618582
905.253,2.891951254134874,0.41057659086038917
905.273,2.8960806086416904,0.41387914014943916
905.293,2.9002511885308215,0.4172200520557506
905.313,2.9044295653885266,0.4205812155665776
905.333,2.9085773671755852,0.42394680179377475
905.353,2.912524454114341,0.4272885890407539
905.373,2.9164267877983057,0.43058850709294705
905.393,2.9203474650673944,0.43387675149300087
905.413,2.9242413419283393,0.4371940967044804
905.433,2.928122450027246,0.44052395775753495
905.453,2.9320145139294196,0.44385142332088356
905.473,2.9358860504518027,0.4472006712480796
905.493,2.939743983090945,0.45056476872016077
905.513,2.9439299990689096,0.4542608748212462
905.533,2.9484941088426653,0.45813338274304544
905.553,2.9530981841575983,0.4620739352609341
905.573,2.9577345453346258,0.4660150561820139
905.593,2.9623247018627175,0.4699792531706118
905.613,2.9668980801533933,0.4739492647665112
905.633,2.9714782879235297,0.4779190305978576
905.653,2.976098015025993,0.4818884090186203
905.673,2.9806733162611447,0.48588513551863305
905.693,2.985232536695119,0.4898890179360762
905.713,2.9897937695348196,0.4938947380023366
905.733,2.9943604665472674,0.497906641828711
905.753,2.9989176648682934,0.501930270067161
905.773,3.0034748648825946,0.5059627609488851
905.791,3.0080253051446553,0.5100031116748853
905.813,3.0125702879272835,0.5140537284354245
905.833,3.0170649551364996,0.5180575788528895
905.853,3.021225740906255,0.5216465576022024
905.873,3.0252243387132207,0.5251092170175934
905.893,3.029183153155679,0.5285439329834358
905.913,3.0331363596201095,0.5319742027206543
905.933,3.0371504916032634,0.5354101999993288
905.953,3.0411971355370984,0.5388755815669484
905.973,3.0453170709855897,0.5423787945411915
905.993,3.0494580895101064,0.5458975486513994
906.013,3.053606884132188,0.549417585891742
906.033,3.0577571225444014,0.5529387894522627
906.053,3.0619105987906385,0.5564613729965981
906.073,3.0660298724809674,0.5599895674262085
906.093,3.070178398301513,0.5635117331179461
906.113,3.074348385757064,0.5670438156630467
906.133,3.078522842768351,0.5705840503332041
906.153,3.082697392877053,0.574130541236282
906.173,3.086881257846183,0.5776752892728416
906.193,3.0910636568366696,0.5812278365345751
906.213,3.095256458466242,0.5847766929749979
906.233,3.099475836914032,0.5883816447037282
906.252,3.1039302158534823,0.5922969665117186
906.273,3.108584118803613,0.5962835001220743
906.293,3.113312884571005,0.6003120769746656
906.313,3.1180862312694324,0.6043922719151569
906.333,3.1228960431055435,0.6085141361922329
906.353,3.1277262287751304,0.6126368393224555
906.373,3.132566554729794,0.6167570386715747
906.393,3.1374093062406376,0.6208767862059645
906.413,3.142249572825963,0.6249962383585326
906.433,3.147087228654093,0.6291147829881363
906.453,3.1519173184390783,0.63323802507773
906.473,3.1567553187909474,0.6373552431944823
906.493,3.161586851007612,0.6414812079635541
906.513,3.1664100922232743,0.6456113224486263
906.532,3.1712537570217423,0.6497330275907646
906.553,3.1760971253621197,0.6538608814428112
906.573,3.1809351343703276,0.6579937147957384
906.593,3.185753944862216,0.662135505808125
906.613,3.190598164310696,0.6662628624704006
906.632,3.1954095898126775,0.6703641886764374
906.653,3.1999592475658005,0.6742219244353241
906.673,3.204363733646955,0.6779854171554928
906.693,3.208729267965505,0.6817155014797641
906.713,3.2130826036321727,0.6854314545458384
906.733,3.2174198017532074,0.6891411849324863
906.753,3.221786524351729,0.6928554604683481
906.773,3.226150106599733,0.6965817706730683
906.793,3.2305122501658645,0.7003078166218921
906.813,3.2348748480021565,0.7040311636855012
906.833,3.2392134740926557,0.7077487863549088
906.853,3.243587214209313,0.7114680474029549
906.873,3.247963046294246,0.7151946614693233
906.893,3.252331218918067,0.7189307805010343
906.913,3.256707946304695,0.7226574254951404
906.933,3.261079759490391,0.7263932195224718
906.953,3.265455022180108,0.7301239407869219
906.973,3.26982890543149,0.7338595837667167
906.993,3.2742037303661222,0.7375929408716965
907.013,3.278581926894084,0.7413268698149654
907.033,3.2829558659773785,0.7450640074902033
907.053,3.287336894321202,0.7487974040486308
907.073,3.291583736815077,0.7524063854606909
907.093,3.2954806988850947,0.7557197247602775
907.113,3.29923959362729,0.7589368220380072
907.133,3.3029455030136843,0.7621149545024307
907.153,3.306666859498152,0.7652824018481432
907.173,3.310383947465477,0.7684519205704714
907.193,3.3141358615950036,0.7716215782585195
907.213,3.3178844507857566,0.7748083463417054
907.233,3.3216363194433756,0.7779958984585467
907.253,3.3253884758190195,0.781185368832577
907.273,3.329141368437089,0.784375511475777
907.293,3.3328949755272714,0.7875661351104359
907.313,3.3366492072889025,0.790757200115808
907.333,3.340404288896907,0.7939486180558887
907.353,3.3441602244937516,0.7971404022444479
907.373,3.3479170265019302,0.8003324956509859
907.393,3.351674671386104,0.803524858918667
907.413,3.3554331291938126,0.806717331404613
907.433,3.3591922590711936,0.809910082427014
907.453,3.362952187791068,0.8131028887823043
907.473,3.366837204578077,0.8164288404880646
907.493,3.371016543835996,0.8200030600656915
907.513,3.375285879340858,0.8236264708463537
907.533,3.3795688857996993,0.8272560781404373
907.553,3.3838560310506947,0.8308837032582576
907.573,3.3881582872194898,0.8345142788865236
907.593,3.3924608320137737,0.8381472189685022
907.613,3.3967645257106245,0.8417774270272481
907.633,3.4010683711923213,0.8454060841899415
907.653,3.4053638983705925,0.8490308223376415
907.673,3.4096607170938413,0.8526523220887101
907.693,3.4139630356145743,0.8562798239956098
907.713,3.4183024287669195,0.8599319821338719
907.733,3.4226486235856406,0.8635722290139716
907.753,3.426966410342749,0.867213452214143
907.773,3.4312836750904827,0.8708498110665606
907.793,3.4356162584836607,0.8744801081391032
907.813,3.4399216292850667,0.8781281149934518
907.833,3.4442415934107813,0.8817686929507921
907.852,3.448563872264102,0.8854059155737047
907.873,3.452890031343985,0.8890486544946761
907.893,3.457194364499106,0.8926993288743146
907.913,3.461300233553816,0.8961100735046441
907.933,3.4651795490931026,0.8993891227762701
907.953,3.4690147474745427,0.9026051346692879
907.973,3.4728115011892964,0.9058422812695625
907.993,3.4765922021221103,0.9090705196124883
908.013,3.4803644047503095,0.9122965411843897
908.033,3.484162732109403,0.9154992946339204
908.053,3.487935504198983,0.918714939684217
908.073,3.4917058311452283,0.921922621060463
908.093,3.495489963848176,0.9251364696157728
908.113,3.4992488613197734,0.928361857327772
908.132,3.503022570063225,0.9315774611607448
908.153,3.506829804177843,0.934789525554714
908.173,3.510630916441057,0.9380059993951835
908.193,3.5144155133257517,0.9412286686151322
908.213,3.5181820096844834,0.9444544443088714
908.233,3.5219769789172735,0.9476690485007647
908.253,3.525773483460482,0.9509002028864785
908.273,3.52958543580336,0.9541221909508847
908.293,3.5333849235711474,0.9573475963146962
908.313,3.537181450998208,0.9605787811130309
908.332,3.54102743686983,0.9638284474233527
908.353,3.545122051054327,0.9673143200546029
908.373,3.549354128090076,0.9709421388186317
908.393,3.553645368394725,0.9746443879400243
908.413,3.5579924105202516,0.9783587581445949
908.433,3.5623496402528056,0.9820634707280222
908.453,3.566706032091031,0.985752047862657
908.473,3.571063604269148,0.9894291925236575
908.492,3.5754237014160064,0.9930980694808289
908.513,3.579786492502933,0.9967598188068034
908.533,3.584152119792509,1.0004149650304035
908.553,3.588521274054041,1.0040645324544748
908.573,3.592894554597156,1.007708607929295
908.593,3.597271229025513,1.0113476424554555
908.613,3.601651814071129,1.0149806838284277
908.633,3.6060369918128767,1.0186083701787219
908.653,3.6104260690221937,1.0222302462455561
908.673,3.614819920041702,1.0258450413869697
908.693,3.619216720838538,1.0294490485099732
908.713,3.6236151895982744,1.0330457652534024
908.733,3.6280157453669055,1.036637322956126
908.753,3.6324188951184793,1.0402243875881907
908.773,3.6368247150548294,1.0438074302647495
908.793,3.6412331389294854,1.0473872281077248
908.813,3.645497699824676,1.0508412235623905
908.833,3.6496006542629664,1.0541476483545285
908.853,3.6536511860893737,1.0573993471877727
908.873,3.6577112508354377,1.0606477287036389
908.893,3.6617817429036315,1.063896772969657
908.913,3.665860541368699,1.0671369689860355
908.933,3.6699445053696174,1.0703668098712493
908.953,3.6740329839013204,1.0735853137675828
908.973,3.678125645929488,1.0767923458979443
908.993,3.682222388311949,1.0799879084209358
909.013,3.686323046928497,1.0831726758652134
909.033,3.6904289989505648,1.0863469492271778
909.053,3.69451646027569,1.089501063878792
909.073,3.6985352742303985,1.092615300791563
909.093,3.702530688858799,1.0956933918017009
909.113,3.706513954868471,1.0987543959404138
909.132,3.710493408665912,1.1018031175790521
909.153,3.714472434892433,1.1048427272043817
909.173,3.718616062537045,1.107991061657779
909.193,3.7231162235834776,1.11139064148273
909.213,3.7277974881589304,1.1149151591129551
909.233,3.73257828567491,1.1184964877769228
909.253,3.737414537062377,1.1221002347810038
909.273,3.742282767172469,1.1257077998639295
909.293,3.74717015578926,1.129309379852834
909.313,3.7520697292524354,1.1328998111455435
909.333,3.756977703915481,1.1364764588260101
909.353,3.7618920504968947,1.1400380682325755
909.372,3.766811712924348,1.1435841264987319
909.393,3.7717361699915446,1.1471145232056594
909.413,3.7766651961007742,1.1506293575095017
909.433,3.7815987256587267,1.154128836035123
909.453,3.7865367811760766,1.1576132121256433
909.473,3.791479429387696,1.1610827576635527
909.493,3.7964267585558473,1.1645377458573214
909.513,3.8013785604759347,1.1679775230650637
909.534,3.80633381454605,1.1714015630731995
909.553,3.8112917860077573,1.1748091848117177
909.573,3.816246062312599,1.1782128241968497
909.592,3.8212089947455685,1.1815997356751422
909.613,3.826176078304341,1.1849760574825796
909.632,3.8311343583189603,1.1883339950408123
909.653,3.835903148089848,1.1915523519288111
909.673,3.8405195587063,1.1946478854853144
909.691,3.845052245365536,1.1976760027920077
909.705,3.8495458430868608,1.2006666691227763
909.733,3.8540215550635586,1.2036378500118952
909.753,3.8584929179308816,1.206594770856346
909.773,3.8629668290568793,1.2095420391501213
909.793,3.8674461509931097,1.2124832413311455
909.813,3.8719329729028376,1.2154212984902488
909.833,3.8764378329752525,1.2183591153779505
909.853,3.880955511992211,1.221292872479035
909.873,3.8854822217759155,1.2242202380385274
909.893,3.8900161353731213,1.227139957967221
909.913,3.8945561720204744,1.2300514768615693
909.933,3.899101767297672,1.2329544501038043
909.953,3.903683507072234,1.2358465476613438
909.973,3.9082907694788243,1.238769475511634
909.993,3.912905552751626,1.2416929722628214
910.013,3.9172950891495573,1.2444515243774825
910.033,3.9214515527574703,1.2470678122962053
910.053,3.9255477708710838,1.2496303594552542
910.073,3.9296304065651495,1.2521800179970188
910.093,3.9337141135456184,1.2547198757321127
910.113,3.9378010301001503,1.2572531103779938
910.133,3.9418921471883266,1.2597797223923581
910.153,3.9459875630897145,1.2622999368183434
910.173,3.9500873031501134,1.2648137712196368
910.193,3.9541913304256444,1.2673212420456705
910.213,3.9582995908792626,1.2698223708699445
910.233,3.962412029333718,1.2723171732645504
910.253,3.9665288856067913,1.274805384588675
910.273,3.970650421339849,1.2772877235970719
910.293,3.97477667779054,1.279764553971814
910.313,3.9789075266229244,1.282235706845149
910.334,3.9830427224470855,1.2847010591244714
910.353,3.987182054143619,1.2871604795734544
910.373,3.9913253436690477,1.289613878730142
910.393,3.9954737619345213,1.2920621648982877
910.413,4.00008683337988,1.29471163285526
910.433,4.005073142276112,1.297583033040236
910.453,4.010117577092967,1.3005327506902231
910.472,4.015182471182594,1.3034745702358665
910.493,4.020255527043186,1.3064008524578425
910.513,4.0253294147233305,1.3093176731671616
910.533,4.030404621197431,1.3122304200728583
910.552,4.035487800877842,1.3151187170405865
910.573,4.040559137450797,1.3180278193219732
910.593,4.04564666295313,1.3209093150342917
910.613,4.050739672865817,1.32376757446726
910.633,4.055829065044727,1.326626243960099
910.653,4.060920220251018,1.3294848508019923
910.672,4.066022659841391,1.3323138095103633
910.693,4.071119657945026,1.335149604321241
910.713,4.076228292927853,1.3379592356599752
910.733,4.081339144827979,1.3407559838870697
910.752,4.08645195028829,1.3435473833569036
910.773,4.091569758153261,1.346323738426361
910.793,4.096691931654764,1.349089249199492
910.813,4.1018181688397855,1.3518401520714307
910.833,4.1069462929030065,1.3545831894385607
910.853,4.112074583505015,1.357309741573524
910.873,4.117108753695693,1.3599908440511908
910.893,4.12194456302732,1.362567890163911
910.91,4.126739947271013,1.3650820671416353
910.933,4.13152526042266,1.3675888808505596
910.953,4.1363167044755995,1.3700806133603527
910.973,4.141110285059765,1.3725645307502474
910.993,4.145909400573204,1.3750389345327214
911.013,4.150712920722595,1.3774947291811523
911.033,4.155511928626507,1.3799539227126147
911.053,4.160324008176934,1.3823856912284997
911.073,4.165127568546689,1.3848178206376778
911.093,4.169942266163172,1.3872473117756665
911.113,4.174762170173135,1.3896443107822618
911.133,4.179579035580427,1.3920629320930553
911.153,4.18440950317275,1.3944367569108642
911.173,4.189230509396444,1.3968194699394825
911.193,4.194054470938833,1.3992050512427872
911.213,4.198892531758534,1.4015487857462545
911.233,4.2037043867645885,1.403922083496135
911.253,4.208527925642425,1.4062631823389444
911.273,4.21322116496575,1.4085622236693243
911.293,4.217627456730129,1.4106968261482702
911.313,4.221935220394192,1.4127599509749165
911.333,4.226223195191274,1.4148047419314405
911.353,4.230511822757721,1.4168471416215784
911.373,4.234803531887428,1.4188827021439043
911.393,4.239100372394714,1.4209257804849855
911.413,4.243407435539647,1.4229821740199176
911.432,4.247725627514264,1.4250306081195048
911.453,4.252047829444917,1.427073751875787
911.473,4.256373821506431,1.4291111701332262
911.493,4.260703656793535,1.431142546462702
911.513,4.265037370456263,1.4331676446041082
911.533,4.269374655763021,1.4351863253624109
911.553,4.27369955385665,1.437172108201751
911.573,4.278033212123849,1.4391899506662973
911.593,4.282376555859373,1.441175747000151
911.613,4.2867095116061416,1.4431640479728316
911.633,4.291059642551298,1.4451594562091976
911.653,4.295401565722163,1.4471171566109449
911.673,4.29975276516319,1.449107409146558
911.693,4.304111357236685,1.451057430307635
911.713,4.3084636815540795,1.4530347133364103
911.733,4.312871247216734,1.4550041225733341
911.753,4.317677853236361,1.4570793536864017
911.773,4.32270617843495,1.459291433588953
911.793,4.327812763372121,1.4615143160922608
911.813,4.332934413620984,1.4637336417708677
911.833,4.338059022586199,1.4659343265435996
911.853,4.3431854773603344,1.4681236365046584
911.873,4.348314240233616,1.4703003412048337
911.893,4.353445341698868,1.472464271999774
911.913,4.358574667166354,1.4746099278900997
911.932,4.363704765708705,1.4767414654734488
911.953,4.368837816401434,1.4788613690893142
911.973,4.373974347982966,1.480973227838277
911.993,4.37911046296044,1.4830686019438393
912.013,4.384247469829208,1.4851512590441154
912.034,4.389386576940148,1.4872217888720325
912.052,4.394525190839952,1.4892747809581661
912.073,4.399665682175814,1.4913133417735578
912.093,4.404810785790195,1.493346906028043
912.113,4.409958344478567,1.4953698942190499
912.133,4.415097435515384,1.4973785583050272
912.153,4.420141642929655,1.499347780340342
912.173,4.425132136546485,1.5012664977916177
912.193,4.43010790866435,1.5031705775221755
912.213,4.435081946619041,1.505066249530862
912.233,4.440054768848182,1.5069500517703545
912.253,4.445028725139027,1.508820253587861
912.273,4.450006156308113,1.5106798318299732
912.293,4.454988798184948,1.5125354665177884
912.313,4.459970001219193,1.5143751014090783
912.333,4.4649518568701625,1.5162036709860853
912.353,4.469936161052955,1.5180202523413273
912.373,4.474922898319315,1.5198265766610342
912.393,4.479913444409624,1.5216241667351318
912.413,4.484907698663751,1.5234134292947563
912.433,4.489904612421898,1.5251921545221048
912.453,4.494904407182649,1.5269506498170913
912.473,4.49990977481123,1.5287101593944667
912.493,4.504917481626148,1.5304531141812623
912.513,4.509929500113729,1.5321841258173636
912.533,4.514941698640888,1.5339131313936134
912.553,4.519956086775221,1.5356194341142588
912.573,4.524978621427813,1.5373282323238828
912.593,4.53000072636322,1.5390157024747713
912.613,4.535266437787984,1.5407667273130037
912.633,4.540762721577093,1.5425926770725908
912.653,4.546329863726923,1.544425635568117
912.673,4.551920265957823,1.5462530111862602
912.692,4.557519776724693,1.548069488343116
912.713,4.5631239059667905,1.5498735863007953
912.733,4.568731207006288,1.5516650306937914
912.753,4.5743412998599915,1.5534436434769243
912.773,4.579954068756067,1.5552094595343209
912.793,4.585569512134845,1.5569624816556595
912.813,4.5911876469790345,1.5587027354399368
912.833,4.596808504842442,1.5604302378397348
912.853,4.6024321164808235,1.562145007467596
912.873,4.608058503073653,1.563847061290129
912.893,4.613687681493444,1.5655364138738068
912.913,4.619319664589597,1.5672130774704451
912.933,4.624954462078908,1.5688770631999422
912.953,4.630592083199356,1.5705283791825424
912.973,4.636232540603864,1.5721670335224287
912.993,4.64187583824345,1.5737930341300117
913.013,4.647521978363946,1.5754063778594365
913.033,4.65317096665622,1.5770070440054276
913.053,4.658822836270873,1.5785949072504981
913.073,4.664396464668765,1.5801613071780922
913.093,4.669767198261493,1.5816490724726733
913.113,4.675060763237253,1.5830957679802369
913.133,4.680335999333701,1.584528489858607
913.153,4.685608393804369,1.5859597084265065
913.172,4.690875264646574,1.5873858227361244
913.193,4.696156669470304,1.588815230328111
913.213,4.701432512680958,1.590217877472369
913.233,4.706717574249276,1.5916301661417547
913.253,4.712000549021399,1.5930122745764241
913.275,4.717288505911577,1.594404183545898
913.293,4.722579693079542,1.5957693901176802
913.313,4.727876951694932,1.597142229830067
913.333,4.733171515565411,1.5984863233655764
913.353,4.738476476232841,1.599840295097712
913.373,4.7437761742848625,1.6011682350752265
913.393,4.749086705939832,1.6024987810828744
913.413,4.754390250903752,1.603809353824796
913.433,4.7597042709084665,1.6051284931311507
913.453,4.764903394586702,1.6063789587363075
913.472,4.77004340627518,1.607631039929587
913.493,4.775177388449196,1.6088578599147019
913.513,4.780311371858513,1.610092865316947
913.533,4.785439931853222,1.6112930576352007
913.553,4.790581549712634,1.6125116262013712
913.573,4.7957154264802675,1.613703104770909
913.593,4.8008589820052,1.6148903672707018
913.613,4.806002352842853,1.6160769624047946
913.633,4.811143911973033,1.617232472988487
913.652,4.816296344672279,1.618406322927008
913.673,4.821440230075228,1.6195461219673966
913.693,4.82659652656648,1.620692952804143
913.713,4.8317489661269475,1.6218290353411071
913.733,4.836903164646749,1.6229416307913649
913.753,4.8420648318859385,1.6240680411855122
913.773,4.847218538669435,1.6251589773080313
913.793,4.852386856547395,1.6262650891899326
913.813,4.857548316289209,1.6273547179393433
913.833,4.862716197687608,1.628429904621979
913.853,4.867892511973757,1.6295091023719752
913.873,4.873064377862858,1.6305722516127137
913.893,4.87823908666967,1.6316195892651377
913.913,4.883420818852538,1.632672556505178
913.933,4.888461286765705,1.633658946400727
913.953,4.891214826492395,1.6340780993775912
913.973,4.89304061383026,1.63446490011285
913.995,4.896914005687818,1.635081132027266
914.013,4.901792275601439,1.6359318368160296
914.033,4.907221307481851,1.6369297530912903
914.053,4.9128966321942,1.637988548596994
914.073,4.918618335004703,1.6390568756339483
914.093,4.924340070423198,1.6401136294236316
914.113,4.93004886500427,1.6411605309982542
914.133,4.935746723877044,1.6421542582919848
914.153,4.941435406123749,1.643139174078666
914.173,4.94711951397728,1.6441131265762983
914.192,4.9528004343326595,1.6450688906939879
914.213,4.958478245536915,1.6460104852004578
914.233,4.964148419231533,1.646932098468268
914.253,4.96981379403628,1.647846237386803
914.272,4.975476413745075,1.6487462978974448
914.293,4.981141083621018,1.649634277913288
914.313,4.986795177729054,1.650511854897297
914.333,4.99243067615506,1.6513785760735977
914.353,4.9979572536925065,1.652204686222035
914.373,5.003426975839786,1.653012319266869
914.393,5.00887154165807,1.6537982814726513
914.413,5.014309813882807,1.6545680899508335
914.433,5.0197419302457975,1.655329271443226
914.453,5.025174931110715,1.6560770683418888
914.473,5.030598238309116,1.6568062087006763
914.493,5.036016898985148,1.6575279995226988
914.513,5.04143467797732,1.6582351791274965
914.533,5.046851968394687,1.6589309315814835
914.553,5.052269265832196,1.6596141341004405
914.573,5.05768667577854,1.6602851989977074
914.593,5.063104293513302,1.6609440367947534
914.613,5.068522148384835,1.6615908288541572
914.633,5.073940291688519,1.6622255073470886
914.653,5.079358755756166,1.6628481107023474
914.673,5.084777568019725,1.6634586938089193
914.693,5.090196760778765,1.6640572296538343
914.713,5.095616376804584,1.6646436828316573
914.733,5.1010401965783965,1.6652183527424937
914.753,5.10647216186484,1.6657783500028334
914.773,5.111903528344305,1.6663293903598118
914.793,5.117339353762539,1.6668640300482613
914.813,5.122679896134098,1.6673878972556568
914.833,5.127936432957892,1.6678952681216113
914.853,5.133158426852693,1.6683909751805186
914.873,5.138370415143794,1.6688769373037644
914.893,5.143580613791412,1.669354387146993
914.913,5.148790940470572,1.6698227295307646
914.933,5.1540020479825115,1.6702820049606928
914.953,5.159214179788651,1.6707319223206725
914.973,5.164427459972322,1.6711726239414517
914.993,5.169641888801665,1.6716038772217547
915.013,5.174857478331152,1.672025854614631
915.033,5.180089344597036,1.6724503696627941
915.053,5.185313015017304,1.6728463812665486
915.073,5.190533196889378,1.673240310616471
915.093,5.195765228834326,1.6736353424048083
915.113,5.200994724163134,1.6740041064070372
915.133,5.206218330067019,1.6743689486662687
915.152,5.211456835820622,1.674736074801949
915.173,5.216653413319769,1.6750785788300142
915.193,5.221731099140481,1.6753923161130184
915.213,5.226779497858642,1.675717122514746
915.233,5.231816247370595,1.676018627438475
915.253,5.236869758925384,1.6763296985013627
915.273,5.241903906923,1.6766085834063804
915.293,5.246958115909615,1.6768994070440422
915.313,5.251994402238512,1.6771634586911421
915.333,5.257048834554118,1.6774321245746155
915.353,5.262088442634733,1.6776826702310743
915.373,5.2671417919293155,1.6779281855282433
915.393,5.272185214606906,1.6781653282742324
915.413,5.277236728585341,1.67838767251073
915.433,5.282277243929129,1.678607138403384
915.453,5.287332305189698,1.6788188963061577
915.473,5.292369836879623,1.6790130012144306
915.493,5.297428138022884,1.6792124838188338
915.513,5.302464749219155,1.6793834680196222
915.533,5.307525505353972,1.6795692054216205
915.553,5.312567303467471,1.679724294161152
915.573,5.317628368940858,1.679884501811055
915.593,5.322678945203715,1.6800331167285654
915.613,5.327725682374551,1.6801656039283108
915.633,5.332802851355164,1.6803086510584966
915.653,5.337983811078653,1.6804102149652986
915.673,5.343216989508343,1.680504015271802
915.693,5.348466691853633,1.6805875980170664
915.713,5.353721123329047,1.6806595074441175
915.733,5.358976089879391,1.6807196480787063
915.753,5.364230224842115,1.6807679009482894
915.773,5.369481162530412,1.6808086493243994
915.793,5.3747281806252545,1.6808402376846523
915.813,5.379973156236922,1.6808597342808065
915.833,5.385216596133524,1.6808686430953101
915.853,5.390458676072929,1.680866529298473
915.873,5.395699472558488,1.6808535787967238
915.893,5.400939073078613,1.6808296769061466
915.913,5.406177535186386,1.6807948158407249
915.933,5.411429653444072,1.6807510680800228
915.953,5.41667803969225,1.6806907098493062
915.973,5.421936765739202,1.680626327877144
915.993,5.427183176409013,1.6805412153949233
916.013,5.432439399612967,1.680452183917717
916.033,5.43768341677275,1.6803445268756338
916.053,5.442939503106085,1.680232445927135
916.072,5.448181868563041,1.6801024209534972
916.093,5.453439316532904,1.6799661575343356
916.113,5.458696039119379,1.6798188913894905
916.133,5.4639360292073755,1.6796554839437159
916.15,5.469188186967391,1.679487386944576
916.173,5.474427824530381,1.679303190004287
916.193,5.479676855699041,1.6791115052872094
916.213,5.484917981477693,1.6789071436198721
916.233,5.490206263626966,1.6787027131729817
916.253,5.495546994277412,1.678471122314116
916.273,5.500843128124848,1.6782143578698079
916.293,5.5060781263630005,1.6779826304768726
916.313,5.511295429436363,1.677740176692553
916.332,5.5165083549739595,1.677491248435626
916.353,5.521719396594623,1.6772331468249584
916.373,5.526929611655586,1.6769659627483018
916.393,5.53214108268638,1.6766909651182325
916.413,5.537369947355364,1.6764088726651905
916.433,5.5425714071861805,1.676116843942687
916.453,5.547658242792539,1.6758229588827955
916.473,5.552678825801518,1.675519462737947
916.493,5.557717199036801,1.675243607091423
916.513,5.562728618153285,1.6749197916865344
916.533,5.567765242032672,1.6746354223488025
916.552,5.572847350308704,1.6743148989644268
916.573,5.577932956590262,1.673977414212452
916.593,5.583052368229448,1.673644866854739
916.613,5.588188489356731,1.6733202601696133
916.633,5.593330080129609,1.6729909115781463
916.653,5.598473065910053,1.6726510972317703
916.673,5.603613874892489,1.6722877468487813
916.693,5.6087546632244685,1.6718986558820523
916.713,5.613898696969751,1.6715022000708892
916.732,5.619044131097054,1.6710953961509976
916.753,5.62418998515001,1.6706788230953475
916.773,5.629336622203758,1.6702510536294244
916.793,5.6344852443619855,1.6698109371073635
916.813,5.639634464593329,1.669363180980577
916.833,5.644782949634432,1.6689061747253784
916.853,5.649930446176879,1.6684399851027685
916.873,5.655076956072765,1.6679648085772172
916.893,5.660221963232134,1.6674800706242585
916.913,5.665341435912582,1.667005936220727
916.933,5.670448757531025,1.666544269427373
916.953,5.675556624170555,1.666070118679067
916.973,5.680667019918394,1.6655995296575612
916.993,5.685779304105434,1.6651285575842827
917.013,5.6908934318997435,1.6646556181383987
917.033,5.6960094318200865,1.6641812133957752
917.053,5.701127182938788,1.6637048638549279
917.073,5.706246585287446,1.663226242401501
917.093,5.711367541429234,1.662745157723156
917.113,5.716489951653194,1.662261393761436
917.133,5.7216137249115935,1.661774755138663
917.153,5.726738771362604,1.6612850679835554
917.173,5.7318650046384505,1.660792171806985
917.193,5.736992346801844,1.6602959172266727
917.213,5.742120724564724,1.6597961615425445
917.233,5.747250066304965,1.6592927804366484
917.253,5.752380303193684,1.6587856539654058
917.273,5.757511371265986,1.6582746703458822
917.293,5.7626427028288685,1.6577592510619334
917.313,5.767745552332718,1.657261731927609
917.333,5.772827475155085,1.656788063956406
917.353,5.777911134959807,1.6563001150565342
917.373,5.782996044183799,1.6558251555657122
917.393,5.788085791571044,1.6553527191737096
917.413,5.793186083378368,1.6548746153597114
917.433,5.7982928502494095,1.6544044904654538
917.453,5.8034160405126265,1.6539276143476993
917.473,5.808545489748687,1.653452129175301
917.493,5.813669529769971,1.652983046296882
917.513,5.818794412360677,1.6525129780869088
917.533,5.823919783855477,1.6520434924373422
917.553,5.829045072093373,1.6515789392375488
917.573,5.834132093207926,1.6511175130997633
917.593,5.839195690967509,1.6506901544081842
917.613,5.84425696397504,1.650242966615008
917.633,5.849357214578845,1.6497820387056115
917.653,5.854476662921513,1.6493131773232428
917.673,5.8596479074475845,1.6488372818189292
917.693,5.86489589926392,1.648367557746727
917.713,5.870194689337394,1.6479037569634851
917.735,5.875516123530287,1.6474162575495082
917.753,5.88084196738543,1.6469399887451417
917.773,5.886170158120639,1.6464638270943537
917.793,5.891492801197611,1.6459967249300886
917.813,5.896814094838866,1.6455302172415756
917.833,5.902117555768453,1.6450720544794935
917.853,5.907413810624179,1.6446127624023772
917.873,5.912695465169,1.644140143055428
917.893,5.917989002513041,1.6436769302327532
917.913,5.923273594600006,1.6432032269148793
917.933,5.928584179874949,1.6427575618847305
917.953,5.93390920402308,1.6422814837612338
917.973,5.939240164326042,1.6418081538765599
917.993,5.944550538015739,1.6413233310968265
918.013,5.94984986677828,1.6408659224682018
918.033,5.955145291241816,1.6403824354566523
918.053,5.960464561692604,1.639901072167524
918.073,5.965788600841879,1.6394382266730498
918.093,5.971090853310706,1.6389590141394668
918.113,5.976396059634879,1.6384728007214544
918.132,5.981695203624786,1.6379909199044502
918.152,5.986861948293608,1.6375439794488527
918.173,5.991977940229435,1.6370913722321065
918.193,5.997093443846512,1.6366404560420942
918.213,6.002205350867802,1.6361972683754034
918.234,6.007326972034978,1.6357239053858499
918.253,6.012453969827838,1.6352636558861589
918.273,6.017577653940102,1.634803202074593
918.293,6.022702585913795,1.634331717435029
918.313,6.027804726578279,1.6338661988168635
918.333,6.032914288860452,1.6334144883632096
918.353,6.0380382418992475,1.6329486271856992
918.373,6.043169099991947,1.6324946975357821
918.393,6.048292539068689,1.632021749470771
918.413,6.053398353378542,1.6315679939606125
918.433,6.058495369724529,1.6311069502005653
918.452,6.063590997634927,1.6306476776943941
918.473,6.068703614020758,1.630188475779509
918.493,6.073848310584701,1.6297403372986907
918.513,6.078992465904799,1.629280151932514
918.533,6.084114216678362,1.628826670511156
918.553,6.089240066019805,1.6283638715478106
918.573,6.0943708356302135,1.6279014879167357
918.592,6.09950269913082,1.6274380503776178
918.613,6.104635203699976,1.626974300075079
918.633,6.109768213497175,1.6265098440582069
918.653,6.1149010795031105,1.6260453345629442
918.673,6.120033185756075,1.6255795032245488
918.69,6.1251651399183835,1.6251137305924128
918.713,6.130297481526448,1.6246473826266619
918.737,6.135430311877115,1.6241811329290687
918.753,6.140563639506133,1.623714261504396
918.772,6.14569287722103,1.623244884907983
918.793,6.15080758002129,1.6227785546921039
918.813,6.155934781707535,1.6223118783986064
918.833,6.1610662029463255,1.62183818265255
918.852,6.166212363066506,1.6213808650800707
918.873,6.17136930388241,1.6209164997476373
918.893,6.176515829916716,1.6204439149914258
918.913,6.181657267452549,1.6199756921389756
918.932,6.186797497058185,1.6195114957473415
918.953,6.1919200695059295,1.6190325111253518
918.973,6.197047881605045,1.618567434099803
918.993,6.20216971640565,1.618105255977497
919.013,6.207310213333306,1.6176408458388034
919.033,6.212466939846907,1.617164327639378
919.053,6.21773835195511,1.6166838285603724
919.073,6.223058865828655,1.6161931458979597
919.093,6.228384916628592,1.6157065149724286
919.113,6.233743355916634,1.6152262972836875
919.133,6.23908438510666,1.614725589364657
919.153,6.2444267300912415,1.614247499399694
919.173,6.249782305302752,1.6137520316583762
919.193,6.255126156235241,1.6132670071313537
919.213,6.260487848745413,1.6127759460342153
919.233,6.265856603277022,1.6122797837952032
919.253,6.2711964929142425,1.6117821912352448
919.273,6.276531818995482,1.6112777895427004
919.293,6.2818830459241175,1.6107931197338283
919.313,6.28721621636991,1.6102892761883942
919.333,6.292547937470674,1.60979019210349
919.353,6.297852226486929,1.6092866847143796
919.373,6.303186107491994,1.608798140647461
919.393,6.308521829776064,1.6083001498736467
919.413,6.313842564270732,1.607794914098192
919.433,6.319139770094696,1.6073039649621073
919.453,6.3241806283034325,1.606847823132679
919.473,6.329132639906709,1.6063997464572173
919.493,6.334062447791637,1.605953355938001
919.513,6.338982950314589,1.6054967898660886
919.533,6.343904912030092,1.6050545659647324
919.553,6.348826866313274,1.6046021638849397
919.573,6.353733748407168,1.6041482633583717
919.593,6.358634226628207,1.6036957289970075
919.613,6.363573297793717,1.6032608917845528
919.633,6.368518048627382,1.6028150656051379
919.652,6.373433487499936,1.6023618267102995
919.673,6.378357006023817,1.6019121515905346
919.693,6.383274594404589,1.601461761113407
919.713,6.3881794189855565,1.601009344622901
919.733,6.393117467342935,1.6005711790796742
919.753,6.3980556792561885,1.6001255480543772
919.773,6.402961430821205,1.599668482510574
919.793,6.407884284922691,1.5992268461460715
919.813,6.41278994585669,1.598776235190694
919.833,6.4177083923239655,1.598328900515393
919.853,6.422767925323893,1.5978624263610868
919.873,6.427878849783184,1.5974029160369345
919.893,6.433000371393824,1.5969324086143168
919.913,6.438119567360369,1.596465317548356
919.933,6.4432168381241395,1.5960024867710552
919.953,6.448333816192999,1.5955448561322585
919.972,6.453431155004068,1.595069669122796
919.993,6.458543649867939,1.5946041359790735
920.013,6.463642983361987,1.5941393033669748
920.032,6.4687795659684895,1.5936770623448495
920.053,6.4738929348270515,1.593203479174086
920.073,6.479017730721115,1.5927580171842852
920.093,6.484147228868645,1.5922731087780226
920.113,6.489279514828551,1.5918089769160548
920.133,6.494393520759205,1.5913411693150799
920.153,6.499515107189422,1.5908774257295033
920.173,6.504642035058739,1.5904134472060405
920.193,6.509770676447191,1.5899507634137238
920.213,6.514899906314155,1.5894848035071343
920.233,6.52002901823378,1.5890221147958454
920.253,6.525165608383139,1.5885619424645474
920.273,6.5302915913164234,1.588097463851741
920.293,6.535415650389762,1.5876219690341715
920.313,6.540508256828481,1.5871548522516212
920.333,6.545640800102885,1.5867025755765292
920.353,6.550905020430359,1.5862067647506652
920.373,6.556224508291002,1.5857266866817468
920.393,6.561540465242223,1.5852350567032085
920.413,6.566860886900854,1.5847550260865653
920.433,6.572163574563056,1.5842711696984164
920.453,6.577499901833599,1.5837861704918443
920.473,6.582830110094297,1.5832991037428703
920.493,6.588158475024608,1.5828166400019241
920.513,6.593489746616928,1.582329149264476
920.533,6.598797416032126,1.581849985496956
920.553,6.604113430821493,1.5813732703273862
920.573,6.609417852918522,1.5808837856371996
920.593,6.614734289457274,1.5804058451430973
920.613,6.62007549349275,1.579917358142764
920.632,6.625409045587728,1.579429797913782
920.653,6.630738890657766,1.5789545952740507
920.673,6.636056801678088,1.578462782120999
920.693,6.641392451938552,1.577982441567337
920.713,6.646694735360342,1.5774946607174996
920.732,6.651987729918222,1.5770127029318834
920.753,6.6570289247373005,1.5765898095528619
920.773,6.661975001439651,1.5761344204210805
920.793,6.666901854871592,1.575702374440036
920.813,6.671851054432375,1.5752648828495708
920.833,6.676789519660704,1.5748143927976965
920.853,6.68171305404129,1.5743901670841665
920.873,6.686639989322255,1.5739342761076394
920.893,6.691560762567323,1.5734907528960982
920.913,6.696487124436557,1.5730494247530722
920.933,6.701378446843891,1.5726088222082455
920.952,6.7062726517700115,1.5721719129121243
920.973,6.711203249065668,1.5717307068976603
920.993,6.716134097091894,1.5712859031061666
921.013,6.721060008040135,1.5708463943979414
921.033,6.72595785880208,1.5703977756110963
921.053,6.730848294747751,1.5699607727263347
921.073,6.73574779718131,1.5695279619919154
921.093,6.7406828122313724,1.569083320733849
921.113,6.745623374986554,1.5686418189713731
921.133,6.750526619965788,1.5682008053413117
921.153,6.755449851142244,1.5677642252818236
921.173,6.760377085690968,1.567322954567055
921.193,6.765442858839442,1.5668677403591156
921.213,6.770531957721972,1.5664063228586333
921.232,6.775672638997105,1.5659577951763122
921.252,6.780809728327287,1.56548688891012
921.273,6.785931897769692,1.5650390983737152
921.293,6.791045605389731,1.5645695805538564
921.313,6.796138095793714,1.5641140047688762
921.333,6.801261141911229,1.5636562682501824
921.353,6.806373001223343,1.5631919469834568
921.373,6.811508102431897,1.5627359090720985
921.393,6.816626069987969,1.5622662144019004
921.413,6.821731371576102,1.5618116117653147
921.433,6.826827659401561,1.561353227013178
921.453,6.831929877572521,1.5609026992428103
921.473,6.837067208772549,1.560445331563079
921.493,6.8422045324069405,1.5599738956842886
921.513,6.847340960817919,1.5595087797203666
921.533,6.852456486809748,1.5590566348161528
921.553,6.857590963603474,1.5585911256288618
921.573,6.8627131024473105,1.558140292701063
921.593,6.867848101240043,1.5576714455699685
921.613,6.872970186818284,1.5572263103375446
921.633,6.878094392032074,1.5567632501878057
921.653,6.883218071930004,1.5563041501667638
921.673,6.887714347907718,1.5560652345563002
921.693,6.889594731386991,1.5559103331000668
921.713,6.892386119286094,1.5554698656382768
921.733,6.896711232899059,1.5550783833450235
921.753,6.901720366023128,1.5546117256174259
921.773,6.907168916025713,1.5541140445439334
921.793,6.912786327362748,1.553599032852613
921.812,6.918432936690195,1.553077517381969
921.833,6.92408148189674,1.5525784308300121
921.853,6.929713202496725,1.5520634133076783
921.872,6.935332364088026,1.5515400207219419
921.893,6.940952882780813,1.5510282816938903
921.913,6.946578302403068,1.5505070403335686
921.933,6.9521946436390625,1.5499891105710915
921.953,6.957795717156558,1.549469962726322
921.973,6.96339089743467,1.5489613127806712
921.993,6.968985873187746,1.5484474139825262
922.013,6.974591299012813,1.547924569460395
922.033,6.98020364328236,1.5474029426227214
922.053,6.98581792000691,1.5468801518746562
922.073,6.9914316389924345,1.5463562461945652
922.093,6.997042141898265,1.5458320900502092
922.113,7.002276097012275,1.545386149581814
922.133,7.007142254666135,1.5449346958574102
922.152,7.011930008337774,1.544498023364494
922.173,7.0167120161791665,1.5440493833554512
922.193,7.02149645666116,1.5436053663944864
922.213,7.026282991276452,1.5431629250238081
922.232,7.031068657282508,1.5427179480084576
922.253,7.035855753044587,1.5422746341607876
922.273,7.04064283154862,1.5418302528516457
922.293,7.045429808319953,1.5413856704743338
922.313,7.050216714311463,1.5409407076408426
922.333,7.055003606521899,1.5404954355780038
922.351,7.05979052040829,1.5400498449788913
